card,format,decks_present_in,total_copies,bucket,suggested_registry,oracle_summary
Soul-Guide Lantern,standard,29,48,REGISTERED,ETB,
Disdainful Stroke,standard,28,43,REGISTERED,SPELL+FAMILY,
Annul,standard,21,38,REGISTERED,SPELL,
Spell Pierce,standard,20,34,REGISTERED,SPELL,
Quantum Riddler,standard,18,60,REGISTERED,ETB,
Spell Snare,standard,18,26,REGISTERED,SPELL,
Get Lost,standard,17,50,REGISTERED,SPELL+FAMILY,
Seam Rip,standard,16,44,REGISTERED,ETB,
Duress,standard,16,39,REGISTERED,SPELL,
Ghost Vacuum,standard,16,29,REGISTERED,ETB,
Requiting Hex,standard,14,51,REGISTERED,SPELL,
Burst Lightning,standard,14,48,REGISTERED,SPELL,
Voice of Victory,standard,14,42,REGISTERED,ETB,
Strategic Betrayal,standard,14,32,REGISTERED,SPELL,
Flashfreeze,standard,14,29,REGISTERED,SPELL,
Negate,standard,14,22,REGISTERED,SPELL+FAMILY,
Stormchaser's Talent,standard,13,43,REGISTERED,ETB,
Stock Up,standard,13,41,REGISTERED,SPELL,
Tishana's Tidebinder,standard,13,37,REGISTERED,ETB,
Bitter Triumph,standard,13,28,REGISTERED,SPELL+FAMILY,
Abrade,standard,13,22,REGISTERED,SPELL,
"Wan Shi Tong, Librarian",standard,13,16,REGISTERED,ETB,
Llanowar Elves,standard,12,48,REGISTERED,ETB,
Into the Flood Maw,standard,12,31,REGISTERED,SPELL,
Rest in Peace,standard,12,30,REGISTERED,ETB,
Shoot the Sheriff,standard,12,21,REGISTERED,SPELL,
Badgermole Cub,standard,11,44,REGISTERED,ETB,
Boomerang Basics,standard,11,42,REGISTERED,SPELL,
Floodpits Drowner,standard,11,37,REGISTERED,ETB,
Winternight Stories,standard,11,28,REGISTERED,SPELL,
Pyroclasm,standard,11,21,REGISTERED,SPELL,
Consult the Star Charts,standard,10,32,REGISTERED,SPELL,
Sear,standard,10,21,REGISTERED,SPELL,
Broadside Barrage,standard,10,10,REGISTERED,SPELL,
Deceit,standard,9,33,REGISTERED,ETB,
Three Steps Ahead,standard,9,20,REGISTERED,SPELL+FAMILY,
Spider-Sense,standard,9,19,REGISTERED,SPELL,
Fire Magic,standard,9,16,REGISTERED,SPELL,
Spyglass Siren,standard,8,31,REGISTERED,ETB,
Opt,standard,8,28,REGISTERED,SPELL,
"Kaito, Bane of Nightmares",standard,8,27,REGISTERED,ETB,
Keen-Eyed Curator,standard,8,21,REGISTERED,ETB,
Bounce Off,standard,8,17,REGISTERED,SPELL,
The Unagi of Kyoshi Island,standard,8,8,REGISTERED,ETB,
Ouroboroid,standard,7,25,REGISTERED,ETB,
Erode,standard,7,23,REGISTERED,SPELL,
Enduring Curiosity,standard,7,22,REGISTERED,ETB,
Wistfulness,standard,7,19,REGISTERED,ETB,
"Cecil, Dark Knight",standard,7,17,REGISTERED,ETB,
Nurturing Pixie,standard,7,16,REGISTERED,ETB,
"Ral, Crackling Wit",standard,7,15,REGISTERED,ETB,
Day of Black Sun,standard,7,14,REGISTERED,SPELL,
"Beza, the Bounding Spring",standard,7,13,REGISTERED,ETB,
Intimidation Tactics,standard,7,13,REGISTERED,SPELL,
"Surrak, Elusive Hunter",standard,7,13,REGISTERED,ETB,
Slagstorm,standard,7,11,REGISTERED,SPELL,
Fear of Missing Out,standard,6,24,REGISTERED,ETB,
Sage of the Skies,standard,6,23,REGISTERED,ETB,
Cosmogrand Zenith,standard,6,20,REGISTERED,ETB,
Torch the Tower,standard,6,20,REGISTERED,SPELL+FAMILY,
Deep-Cavern Bat,standard,6,19,REGISTERED,ETB,
No More Lies,standard,6,19,REGISTERED,SPELL,
Sheltered by Ghosts,standard,6,17,REGISTERED,SPELL,
Get Out,standard,6,12,REGISTERED,SPELL,
Eddymurk Crab,standard,5,20,REGISTERED,ETB,
Marauding Mako,standard,5,20,REGISTERED,ETB,
Nature's Rhythm,standard,5,20,REGISTERED,SPELL,
Sleight of Hand,standard,5,20,REGISTERED,SPELL,
Slickshot Show-Off,standard,5,20,REGISTERED,ETB,
Gene Pollinator,standard,5,19,REGISTERED,ETB,
Spider Manifestation,standard,5,18,REGISTERED,ETB,
Flow State,standard,5,17,REGISTERED,SPELL,
Firebending Lesson,standard,5,16,REGISTERED,SPELL,
Meltstrider's Resolve,standard,5,14,REGISTERED,ETB,
Emeritus of Ideation,standard,5,13,REGISTERED,ETB,
Deadly Cover-Up,standard,5,12,REGISTERED,SPELL,
Day of Judgment,standard,5,10,REGISTERED,SPELL,
Nowhere to Run,standard,5,9,REGISTERED,ETB,
Ill-Timed Explosion,standard,5,8,REGISTERED,SPELL,
Craterhoof Behemoth,standard,5,5,REGISTERED,ETB,
Colorstorm Stallion,standard,4,16,REGISTERED,ETB,
Gran-Gran,standard,4,16,REGISTERED,ETB,
"Kona, Rescue Beastie",standard,4,16,REGISTERED,ETB,
Mightform Harmonizer,standard,4,16,REGISTERED,ETB,
"Momo, Friendly Flier",standard,4,16,REGISTERED,ETB,
Vibrance,standard,4,16,REGISTERED,ETB,
Esper Origins,standard,4,15,REGISTERED,SPELL,
Formidable Speaker,standard,4,15,REGISTERED,ETB,
Magebane Lizard,standard,4,15,REGISTERED,ETB,
"Aang, Swift Savior",standard,4,14,REGISTERED,ETB,
Icetill Explorer,standard,4,14,REGISTERED,ETB,
Sunderflock,standard,4,14,REGISTERED,ETB,
Lightning Helix,standard,4,13,REGISTERED,SPELL,
Superior Spider-Man,standard,4,13,REGISTERED,ETB,
Frostcliff Siege,standard,4,12,REGISTERED,ETB,
High Noon,standard,4,12,REGISTERED,ETB,
Clarion Conqueror,standard,4,11,REGISTERED,ETB,
"Elspeth, Storm Slayer",standard,4,11,REGISTERED,ETB,
Flashback,standard,4,10,REGISTERED,SPELL,
Torpor Orb,standard,4,10,REGISTERED,ETB,
Preacher of the Schism,standard,4,9,REGISTERED,ETB,
Prismari Charm,standard,4,8,REGISTERED,SPELL,
Shardmage's Rescue,standard,4,8,REGISTERED,SPELL,
Unable to Scream,standard,4,8,REGISTERED,SPELL,
Exorcise,standard,4,7,REGISTERED,SPELL,
Archdruid's Charm,standard,4,6,REGISTERED,SPELL,
Essence Scatter,standard,4,5,REGISTERED,SPELL,
Phantom Interference,standard,4,5,REGISTERED,SPELL,
"Ashling, Rekindled",standard,3,12,REGISTERED,ETB,
Combustion Technique,standard,3,12,REGISTERED,SPELL,
Cool but Rude,standard,3,12,REGISTERED,ETB,
Duelist of the Mind,standard,3,12,REGISTERED,ETB,
Earthbender Ascension,standard,3,12,REGISTERED,ETB,
Marang River Regent,standard,3,12,REGISTERED,ETB,
Monument to Endurance,standard,3,12,REGISTERED,ETB,
Mossborn Hydra,standard,3,12,REGISTERED,ETB,
Omniscience,standard,3,12,REGISTERED,ETB,
Sazh's Chocobo,standard,3,12,REGISTERED,ETB,
Doorkeeper Thrull,standard,3,11,REGISTERED,ETB,
Overlord of the Hauntwoods,standard,3,11,REGISTERED,ETB,
Starfield Shepherd,standard,3,11,REGISTERED,ETB,
Bloodghast,standard,3,10,REGISTERED,ETB,
Resonating Lute,standard,3,10,REGISTERED,ETB,
Avatar's Wrath,standard,3,9,REGISTERED,SPELL,
Brightglass Gearhulk,standard,3,9,REGISTERED,ETB,
Jeskai Revelation,standard,3,9,REGISTERED,SPELL,
Springleaf Drum,standard,3,9,REGISTERED,ETB,
Overlord of the Balemurk,standard,3,8,REGISTERED,ETB,
"Haliya, Guided by Light",standard,3,7,REGISTERED,ETB,
North Wind Avatar,standard,3,7,REGISTERED,ETB,
Pawpatch Formation,standard,3,7,REGISTERED,SPELL,
Withering Curse,standard,3,7,REGISTERED,SPELL,
Heritage Reclamation,standard,3,6,REGISTERED,SPELL,
Iroh's Demonstration,standard,3,6,REGISTERED,SPELL,
Requisition Raid,standard,3,6,REGISTERED,SPELL,
Roaring Furnace // Steaming Sauna,standard,3,6,REGISTERED,ETB,
Tersa Lightshatter,standard,3,6,REGISTERED,ETB,
Tinybones Joins Up,standard,3,6,REGISTERED,ETB,
Maelstrom Pulse,standard,3,5,REGISTERED,SPELL,
Traumatic Critique,standard,3,5,REGISTERED,SPELL,
"Leatherhead, Swamp Stalker",standard,3,4,REGISTERED,ETB,
Impractical Joke,standard,3,3,REGISTERED,SPELL,
Accumulate Wisdom,standard,2,8,REGISTERED,SPELL,
Agatha's Soul Cauldron,standard,2,8,REGISTERED,ETB,
Artist's Talent,standard,2,8,REGISTERED,ETB,
Aven Interrupter,standard,2,8,REGISTERED,ETB,
Enduring Innocence,standard,2,8,REGISTERED,ETB,
Faerie Dreamthief,standard,2,8,REGISTERED,ETB,
Flamebraider,standard,2,8,REGISTERED,ETB,
Hardened Academic,standard,2,8,REGISTERED,ETB,
Hired Claw,standard,2,8,REGISTERED,ETB,
Iron-Shield Elf,standard,2,8,REGISTERED,ETB,
Moonshadow,standard,2,8,REGISTERED,ETB,
Novice Inspector,standard,2,8,REGISTERED,ETB,
Pawpatch Recruit,standard,2,8,REGISTERED,ETB,
Proft's Eidetic Memory,standard,2,8,REGISTERED,ETB,
Skycoach Conductor,standard,2,8,REGISTERED,ETB,
Vivi Ornitier,standard,2,8,REGISTERED,ETB,
Ancient Cornucopia,standard,2,7,REGISTERED,ETB,
Bringer of the Last Gift,standard,2,7,REGISTERED,ETB,
Doomsday Excruciator,standard,2,7,REGISTERED,ETB,
Honor,standard,2,7,REGISTERED,SPELL,
Nova Hellkite,standard,2,7,REGISTERED,ETB,
Professor Dellian Fel,standard,2,7,REGISTERED,ETB,
Roaming Throne,standard,2,7,REGISTERED,ETB,
Steamcore Scholar,standard,2,7,REGISTERED,ETB,
Unholy Annex // Ritual Chamber,standard,2,7,REGISTERED,ETB,
Elusive Otter,standard,2,6,REGISTERED,ETB,
Hearth Elemental,standard,2,6,REGISTERED,ETB,
Leyline of the Void,standard,2,6,REGISTERED,ETB,
Practiced Offense,standard,2,6,REGISTERED,SPELL,
Scorching Shot,standard,2,6,REGISTERED,SPELL,
Tiger-Seal,standard,2,6,REGISTERED,ETB,
Vaultborn Tyrant,standard,2,6,REGISTERED,ETB,
Airbender Ascension,standard,2,5,REGISTERED,ETB,
"Casey Jones, Vigilante",standard,2,5,REGISTERED,ETB,
Feed the Cycle,standard,2,5,REGISTERED,SPELL,
Firdoch Core,standard,2,5,REGISTERED,ETB,
Temporary Lockdown,standard,2,5,REGISTERED,ETB+FAMILY,
Abandon Attachments,standard,2,4,REGISTERED,SPELL,
Awaken the Honored Dead,standard,2,4,REGISTERED,ETB,
Case of the Crimson Pulse,standard,2,4,REGISTERED,ETB,
Doppelgang,standard,2,4,REGISTERED,SPELL,
Emeritus of Abundance,standard,2,4,REGISTERED,ETB,
Eumidian Terrabotanist,standard,2,4,REGISTERED,ETB,
"Inti, Seneschal of the Sun",standard,2,4,REGISTERED,ETB,
It'll Quench Ya!,standard,2,4,REGISTERED,SPELL,
"Lorehold, the Historian",standard,2,4,REGISTERED,ETB,
Lumbering Worldwagon,standard,2,4,REGISTERED,ETB,
Mockingbird,standard,2,4,REGISTERED,ETB,
Momentum Breaker,standard,2,4,REGISTERED,ETB,
Obliterating Bolt,standard,2,4,REGISTERED,SPELL,
Overlord of the Mistmoors,standard,2,4,REGISTERED,ETB,
Pest Control,standard,2,4,REGISTERED,SPELL,
Qarsi Revenant,standard,2,4,REGISTERED,ETB,
Sunspine Lynx,standard,2,4,REGISTERED,ETB,
Tragic Trajectory,standard,2,4,REGISTERED,SPELL,
Ultima,standard,2,4,REGISTERED,SPELL,
Authority of the Consuls,standard,2,3,REGISTERED,ETB,
Harvester of Misery,standard,2,3,REGISTERED,ETB,
"Kaito, Cunning Infiltrator",standard,2,3,REGISTERED,ETB,
Origin of Metalbending,standard,2,3,REGISTERED,SPELL,
Royal Treatment,standard,2,3,REGISTERED,SPELL,
Spectacular Tactics,standard,2,3,REGISTERED,SPELL,
Summon: Bahamut,standard,2,3,REGISTERED,ETB,
Witherbloom Charm,standard,2,3,REGISTERED,SPELL,
"Ygra, Eater of All",standard,2,3,REGISTERED,ETB,
Curious Farm Animals,standard,2,2,REGISTERED,ETB,
Decorum Dissertation,standard,2,2,REGISTERED,SPELL,
Insidious Fungus,standard,2,2,REGISTERED,ETB,
Long Goodbye,standard,2,2,REGISTERED,SPELL,
Omni-Changeling,standard,2,2,REGISTERED,ETB,
Outrageous Robbery,standard,2,2,REGISTERED,SPELL,
Pyrrhic Strike,standard,2,2,REGISTERED,SPELL,
Scrapshooter,standard,2,2,REGISTERED,ETB,
The End,standard,2,2,REGISTERED,SPELL,
The Ooze,standard,2,2,REGISTERED,ETB,
"Aang, at the Crossroads",standard,1,4,REGISTERED,ETB,
"Appa, Steadfast Guardian",standard,1,4,REGISTERED,ETB,
Bloodthorn Flail,standard,1,4,REGISTERED,ETB,
Bramble Familiar,standard,1,4,REGISTERED,ETB,
Burnout Bashtronaut,standard,1,4,REGISTERED,ETB,
Choreographed Sparks,standard,1,4,REGISTERED,SPELL,
Cut Down,standard,1,4,REGISTERED,SPELL+FAMILY,
Daydream,standard,1,4,REGISTERED,SPELL,
Deepchannel Duelist,standard,1,4,REGISTERED,ETB,
Deepway Navigator,standard,1,4,REGISTERED,ETB,
Disruptor of Currents,standard,1,4,REGISTERED,ETB,
"Doc Aurlock, Grizzled Genius",standard,1,4,REGISTERED,ETB,
Dream Beavers,standard,1,4,REGISTERED,ETB,
Dredger's Insight,standard,1,4,REGISTERED,ETB,
Emberheart Challenger,standard,1,4,REGISTERED,ETB,
Expressive Firedancer,standard,1,4,REGISTERED,ETB,
Faerie Mastermind,standard,1,4,HAS_EFFECTS,ETB_EFFECTS,"Flash | Flying | Whenever an opponent draws their second card each turn, you draw a card. | {3}{U..."
Fatal Push,standard,1,4,REGISTERED,SPELL,
Flamewake Phoenix,standard,1,4,REGISTERED,ETB,
Full Bore,standard,1,4,REGISTERED,SPELL,
Genemorph Imago,standard,1,4,REGISTERED,ETB,
Hearthborn Battler,standard,1,4,REGISTERED,ETB,
Interdimensional Web Watch,standard,1,4,REGISTERED,ETB,
"Jadar, Ghoulcaller of Nephalia",standard,1,4,HAS_EFFECTS,ETB_EFFECTS,"At the beginning of your end step, if you control no creatures with decayed, create a 2/2 black Z..."
"Kavaero, Mind-Bitten",standard,1,4,REGISTERED,ETB,
Leyline Binding,standard,1,4,REGISTERED,ETB,
Leyline of Resonance,standard,1,4,REGISTERED,ETB,
Magma Opus,standard,1,4,HAS_EFFECTS,SPELL_EFFECTS,Magma Opus deals 4 damage divided as you choose among any number of targets. Tap two target perma...
Magmatic Hellkite,standard,1,4,REGISTERED,ETB,
"Mangara, the Diplomat",standard,1,4,HAS_EFFECTS,ETB_EFFECTS,"Lifelink | Whenever an opponent attacks with creatures, if two or more of those creatures are att..."
Mathemagics,standard,1,4,REGISTERED,SPELL,
Mindspring Merfolk,standard,1,4,REGISTERED,ETB,
Molten-Core Maestro,standard,1,4,REGISTERED,ETB,
"Nev, the Practical Dean",standard,1,4,HAS_EFFECTS,ETB_EFFECTS,Creatures you control with counters on them have trample. | Whenever you cast your first spell wi...
Overlord of the Boilerbilges,standard,1,4,REGISTERED,ETB,
"Ozolith, the Shattered Spire",standard,1,4,HAS_EFFECTS,REVIEW (activated),"If one or more +1/+1 counters would be put on an artifact or creature you control, that many plus..."
"Prismari, the Inspiration",standard,1,4,REGISTERED,ETB,
"Raffine, Scheming Seer",standard,1,4,HAS_EFFECTS,ETB_EFFECTS,"Flying, ward {1} | Whenever you attack, target attacking creature connives X, where X is the numb..."
Rakshasa's Bargain,standard,1,4,REGISTERED,SPELL,
Razorkin Needlehead,standard,1,4,REGISTERED,ETB,
Roiling Dragonstorm,standard,1,4,REGISTERED,ETB,
"Rootha, Mastering the Moment",standard,1,4,HAS_EFFECTS,ETB_EFFECTS,"At the beginning of combat on your turn, if you've cast an instant or sorcery spell this turn, cr..."
Sapling Nursery,standard,1,4,REGISTERED,ETB,
"Sarkhan, Dragon Ascendant",standard,1,4,REGISTERED,ETB,
Scalding Viper,standard,1,4,REGISTERED,ETB,
Sentinel of the Nameless City,standard,1,4,REGISTERED,ETB,
Serra Paragon,standard,1,4,HAS_EFFECTS,ETB_EFFECTS,"Flying | Once during each of your turns, you may play a land from your graveyard or cast a perman..."
"Sheoldred, the Apocalypse",standard,1,4,REGISTERED,ETB,
Shock,standard,1,4,REGISTERED,SPELL+FAMILY,
Silvergill Mentor,standard,1,4,REGISTERED,ETB,
Smuggler's Surprise,standard,1,4,REGISTERED,SPELL,
Stadium Headliner,standard,1,4,REGISTERED,ETB,
Sunpearl Kirin,standard,1,4,REGISTERED,ETB,
Sygg's Command,standard,1,4,REGISTERED,SPELL,
Turn Inside Out,standard,1,4,REGISTERED,SPELL,
Up the Beanstalk,standard,1,4,REGISTERED,ETB,
"Veyran, Voice of Duality",standard,1,4,REGISTERED,ETB,
Wanderbrine Trapper,standard,1,4,REGISTERED,ETB,
"Witherbloom, the Balancer",standard,1,4,REGISTERED,ETB,
Zaffai and the Tempests,standard,1,4,REGISTERED,ETB,
"Zimone, Infinite Analyst",standard,1,4,REGISTERED,ETB,
"Chandra, Spark Hunter",standard,1,3,REGISTERED,ETB,
Cruelclaw's Heist,standard,1,3,REGISTERED,SPELL+FAMILY,
Dina's Guidance,standard,1,3,REGISTERED,SPELL,
Fear of Isolation,standard,1,3,REGISTERED,ETB,
Frenzied Baloth,standard,1,3,REGISTERED,ETB,
Go for the Throat,standard,1,3,REGISTERED,SPELL+FAMILY,
Great Divide Guide,standard,1,3,REGISTERED,ETB,
Herd Migration,standard,1,3,REGISTERED,SPELL,
Inevitable Defeat,standard,1,3,REGISTERED,SPELL,
Insatiable Avarice,standard,1,3,REGISTERED,SPELL+FAMILY,
Oildeep Gearhulk,standard,1,3,REGISTERED,ETB,
"Ojer Axonil, Deepest Might",standard,1,3,REGISTERED,ETB,
Striding Shotcaller,standard,1,3,REGISTERED,ETB,
Sunfall,standard,1,3,REGISTERED,SPELL+FAMILY,
"Tokka & Rahzar, Terrible Twos",standard,1,3,REGISTERED,ETB,
Twisted Fealty,standard,1,3,REGISTERED,SPELL,
Vibrant Outburst,standard,1,3,REGISTERED,SPELL,
"Zimone, All-Questioning",standard,1,3,HAS_EFFECTS,ETB_EFFECTS,"At the beginning of your end step, if a land entered the battlefield under your control this turn..."
Zuko's Conviction,standard,1,3,REGISTERED,SPELL,
"Zur, Eternal Schemer",standard,1,3,REGISTERED,ETB,
Abrupt Inquiry,standard,1,2,REGISTERED,ETB,
"Ardyn, the Usurper",standard,1,2,REGISTERED,ETB,
Assassin's Trophy,standard,1,2,REGISTERED,SPELL,
Bitterbloom Bearer,standard,1,2,REGISTERED,ETB,
"Black Cat, Cunning Thief",standard,1,2,REGISTERED,ETB,
Bushwhack,standard,1,2,REGISTERED,SPELL,
"Calamity, Galloping Inferno",standard,1,2,REGISTERED,ETB,
Cheeky House-Mouse,standard,1,2,REGISTERED,ETB,
"Deekah, Fractal Theorist",standard,1,2,HAS_EFFECTS,ETB_EFFECTS,"Magecraft — Whenever you cast or copy an instant or sorcery spell, create a 0/0 green and blue Fr..."
Devout Decree,standard,1,2,REGISTERED,SPELL,
"Dragonhawk, Fate's Tempest",standard,1,2,REGISTERED,ETB,
"Dyadrine, Synthesis Amalgam",standard,1,2,REGISTERED,ETB,
Elegy Acolyte,standard,1,2,REGISTERED,ETB,
Elspeth's Smite,standard,1,2,REGISTERED,SPELL,
Faebloom Trick,standard,1,2,REGISTERED,SPELL,
Flitterwing Nuisance,standard,1,2,REGISTERED,ETB,
"Kellan, Planar Trailblazer",standard,1,2,REGISTERED,ETB,
Kinetic Hellion,standard,1,2,REGISTERED,ETB,
"Malcolm, Alluring Scoundrel",standard,1,2,REGISTERED,ETB,
Might of the Meek,standard,1,2,REGISTERED,SPELL,
Mold Adder,standard,1,2,REGISTERED,ETB,
Not on My Watch,standard,1,2,REGISTERED,SPELL,
Overlord of the Floodpits,standard,1,2,REGISTERED,ETB,
Quandrix Charm,standard,1,2,REGISTERED,SPELL,
"Sanar, Unfinished Genius",standard,1,2,REGISTERED,ETB,
Scrollshift,standard,1,2,REGISTERED,SPELL,
Shimmerwilds Growth,standard,1,2,REGISTERED,ETB,
Snakeskin Veil,standard,1,2,REGISTERED,SPELL,
Splitskin Doll,standard,1,2,REGISTERED,ETB,
Stoic Sphinx,standard,1,2,REGISTERED,ETB,
The Legend of Roku,standard,1,2,REGISTERED,ETB,
Tragedy Feaster,standard,1,2,REGISTERED,ETB,
Twinmaw Stormbrood,standard,1,2,REGISTERED,ETB,
"Ureni, the Song Unending",standard,1,2,REGISTERED,ETB,
Absolute Virtue,standard,1,1,REGISTERED,ETB,
Ancient Vendetta,standard,1,1,REGISTERED,SPELL,
Archenemy's Charm,standard,1,1,REGISTERED,SPELL,
"Armaggon, Future Shark",standard,1,1,REGISTERED,ETB,
"Belion, the Parched",standard,1,1,REGISTERED,ETB,
Bovine Intervention,standard,1,1,REGISTERED,SPELL,
Cathar Commando,standard,1,1,REGISTERED,ETB,
Champion of the Weird,standard,1,1,REGISTERED,ETB,
Chase Inspiration,standard,1,1,REGISTERED,SPELL,
Dark Leo & Shredder,standard,1,1,REGISTERED,ETB,
Dauntless Scrapbot,standard,1,1,REGISTERED,ETB,
Detect Intrusion,standard,1,1,REGISTERED,ETB,
Extinguisher Battleship,standard,1,1,REGISTERED,ETB,
Fanatical Firebrand,standard,1,1,REGISTERED,ETB,
Focus Fire,standard,1,1,REGISTERED,SPELL,
Fresh Start,standard,1,1,REGISTERED,ETB,
"Ghalta, Stampede Tyrant",standard,1,1,REGISTERED,ETB,
"Glarb, Calamity's Augur",standard,1,1,REGISTERED,ETB,
Goldvein Hydra,standard,1,1,REGISTERED,ETB,
Greasewrench Goblin,standard,1,1,REGISTERED,ETB,
Kutzil's Flanker,standard,1,1,REGISTERED,ETB,
"Kutzil, Malamet Exemplar",standard,1,1,REGISTERED,ETB,
Loch Mare,standard,1,1,REGISTERED,ETB,
Malboro,standard,1,1,REGISTERED,ETB,
"Morlun, Devourer of Spiders",standard,1,1,REGISTERED,ETB,
"Oko, Lorwyn Liege",standard,1,1,REGISTERED,ETB,
Restoration Magic,standard,1,1,REGISTERED,SPELL,
Riverchurn Monument,standard,1,1,REGISTERED,ETB,
Roaring Furnace / Steaming Sauna,standard,1,1,REGISTERED,ETB,
"Shiko, Paragon of the Way",standard,1,1,REGISTERED,ETB,
Split Up,standard,1,1,REGISTERED,SPELL,
Stormkeld Vanguard,standard,1,1,REGISTERED,ETB,
Surgical Suite / Hospital Room,standard,1,1,REGISTERED,ETB,
Terror of the Peaks,standard,1,1,REGISTERED,ETB,
The Legend of Kuruk,standard,1,1,HAS_EFFECTS,ETB_EFFECTS,"(As this Saga enters and after your draw step, add a lore counter.) | I, II — Scry 2, then draw a..."
The Soul Stone,standard,1,1,REGISTERED,ETB,
Unstoppable Slasher,standard,1,1,REGISTERED,ETB,
Unsummon,standard,1,1,REGISTERED,SPELL,
"Valgavoth, Terror Eater",standard,1,1,REGISTERED,ETB,
Vengeful Possession,standard,1,1,REGISTERED,SPELL,
Vivien Reid,standard,1,1,REGISTERED,ETB,
Wild Ride,standard,1,1,REGISTERED,SPELL,
Zack Fair,standard,1,1,REGISTERED,ETB,
